<?xml version="1.0" encoding="UTF-8" standalone="yes"?>
<ns2:ExportManifest xmlns:ns2="http://www.pentaho.com/schema/">
    <ExportManifestInformation exportDate="11-01-2017 06:20:47 CET" exportBy="prueba" rootFolder="/home/prueba/" manifestVersion="2"/>
    <ExportManifestEntity path="si_ejercicio_1.xdash">
        <ExportManifestProperty>
            <EntityMetaData name="si_ejercicio_1.xdash" createdDate="2017-01-11T18:00:52.982+01:00" isFolder="false" path="si_ejercicio_1.xdash" isHidden="false" locale="es_419" description="si_ejercicio_1.xdash" title="si_ejercicio_1"/>
        </ExportManifestProperty>
        <ExportManifestProperty>
            <EntityAcl>
                <entriesInheriting>true</entriesInheriting>
                <owner>prueba</owner>
                <ownerType>USER</ownerType>
            </EntityAcl>
        </ExportManifestProperty>
    </ExportManifestEntity>
</ns2:ExportManifest>
