<project xmlns="http://maven.apache.org/POM/4.0.0" xmlns:xsi="http://www.w3.org/2001/XMLSchema-instance" xsi:schemaLocation="http://maven.apache.org/POM/4.0.0 http://maven.apache.org/xsd/maven-4.0.0.xsd">
  <modelVersion>4.0.0</modelVersion>
  <parent>
    <groupId>org.talend.master.prueba_sesion3</groupId>
    <artifactId>code.Master</artifactId>
    <version>6.3.0</version>
    <relativePath>./pom.xml</relativePath>
  </parent>
  <groupId>org.talend.job.prueba_sesion3</groupId>
  <artifactId>PruebaTalentJob</artifactId>
  <version>0.1</version>
  <name>PRUEBA_SESION3 PruebaTalentJob (Job Designs)</name>
  <properties>
    <output.resources.dir>${talend.job.name}/src/main/resources</output.resources.dir>
    <talend.job.bat.classpath>.;../lib/routines.jar;../lib/log4j-1.2.16.jar;../lib/dom4j-1.6.1.jar;../lib/talendcsv.jar;../lib/mysql-connector-java-5.1.30-bin.jar;../lib/talend_file_enhanced_20070724.jar;pruebatalentjob_0_1.jar;</talend.job.bat.classpath>
    <talend.job.applyContextToChildren>false</talend.job.applyContextToChildren>
    <talend.job.version>${project.version}</talend.job.version>
    <talend.job.sh.addition/>
    <talend.project.name.lowercase>prueba_sesion3</talend.project.name.lowercase>
    <talend.job.path>prueba_sesion3/pruebatalentjob_0_1</talend.job.path>
    <talend.project.name>PRUEBA_SESION3</talend.project.name>
    <talend.product.version>6.3.0.20161026_1219</talend.product.version>
    <talend.job.finalName>pruebatalentjob_0_1</talend.job.finalName>
    <talend.job.jvmargs>-Xms256M -Xmx1024M -Dfile.encoding=UTF-8 </talend.job.jvmargs>
    <talend.project.branch>trunk</talend.project.branch>
    <talend.job.context>Default</talend.job.context>
    <talend.job.stat>true</talend.job.stat>
    <talend.job.date>2016-12-14 200352630</talend.job.date>
    <current.resources.dir>${basedir}/src/main/resources</current.resources.dir>
    <talend.job.package>prueba_sesion3.pruebatalentjob_0_1</talend.job.package>
    <talend.job.class>${talend.job.package}.${talend.job.name}</talend.job.class>
    <talend.job.name>PruebaTalentJob</talend.job.name>
    <talend.job.bat.addition/>
    <talend.job.sh.classpath>.:$ROOT_PATH:$ROOT_PATH/../lib/routines.jar:$ROOT_PATH/../lib/log4j-1.2.16.jar:$ROOT_PATH/../lib/dom4j-1.6.1.jar:$ROOT_PATH/../lib/talendcsv.jar:$ROOT_PATH/../lib/mysql-connector-java-5.1.30-bin.jar:$ROOT_PATH/../lib/talend_file_enhanced_20070724.jar:$ROOT_PATH/pruebatalentjob_0_1.jar:</talend.job.sh.classpath>
    <talend.job.id>_a_MikMIqEeaF8aoiftWe7g</talend.job.id>
    <talend.project.id>0</talend.project.id>
    <talend.job.framework/>
    <talend.job.type>Standard</talend.job.type>
  </properties>
  <dependencies>
    <dependency>
      <groupId>org.talend.libraries</groupId>
      <artifactId>log4j-1.2.16</artifactId>
      <version>6.0.0</version>
    </dependency>
    <dependency>
      <groupId>org.talend.libraries</groupId>
      <artifactId>dom4j-1.6.1</artifactId>
      <version>6.0.0</version>
    </dependency>
    <dependency>
      <groupId>org.talend.libraries</groupId>
      <artifactId>talendcsv</artifactId>
      <version>6.0.0</version>
    </dependency>
    <dependency>
      <groupId>org.talend.libraries</groupId>
      <artifactId>mysql-connector-java-5.1.30-bin</artifactId>
      <version>6.0.0</version>
    </dependency>
    <dependency>
      <groupId>org.talend.libraries</groupId>
      <artifactId>talend_file_enhanced_20070724</artifactId>
      <version>6.0.0</version>
    </dependency>
  </dependencies>
  <build>
    <resources>
      <resource>
        <directory>${project.build.sourceDirectory}</directory>
        <includes>
          <include>**/*.wsdl</include>
        </includes>
      </resource>
    </resources>
    <finalName>${talend.job.finalName}</finalName>
    <plugins>
      <plugin>
        <artifactId>maven-clean-plugin</artifactId>
        <configuration>
          <skip>true</skip>
        </configuration>
      </plugin>
      <plugin>
        <artifactId>maven-compiler-plugin</artifactId>
        <configuration>
          <includes>
            <include>${talend.job.path}/**.java</include>
          </includes>
          <testExcludes>
            <exclude>**</exclude>
          </testExcludes>
        </configuration>
      </plugin>
      <plugin>
        <artifactId>maven-surefire-plugin</artifactId>
        <configuration>
          <skip>true</skip>
        </configuration>
      </plugin>
      <plugin>
        <artifactId>maven-resources-plugin</artifactId>
        <executions>
          <execution>
            <id>copy-running-resources</id>
            <phase>compile</phase>
            <goals>
              <goal>copy-resources</goal>
            </goals>
            <configuration>
              <outputDirectory>${project.build.outputDirectory}/${talend.job.path}</outputDirectory>
              <resources>
                <resource>
                  <directory>${current.resources.dir}/${talend.job.path}</directory>
                  <includes>
                    <include>contexts/*.properties</include>
                  </includes>
                </resource>
              </resources>
            </configuration>
          </execution>
        </executions>
      </plugin>
      <plugin>
        <artifactId>maven-jar-plugin</artifactId>
        <executions>
          <execution>
            <id>default-jar</id>
            <phase>package</phase>
            <goals>
              <goal>jar</goal>
            </goals>
            <configuration>
              <includes>
                <include>${talend.job.path}/*.class</include>
                <include>${talend.job.path}/**/*.wsdl</include>
              </includes>
            </configuration>
          </execution>
        </executions>
      </plugin>
    </plugins>
  </build>
  <profiles>
    <profile>
      <id>packaging-and-assembly</id>
      <activation>
        <activeByDefault>true</activeByDefault>
      </activation>
      <build>
        <plugins>
          <plugin>
            <artifactId>maven-assembly-plugin</artifactId>
            <executions>
              <execution>
                <phase>package</phase>
                <goals>
                  <goal>single</goal>
                </goals>
                <configuration>
                  <descriptors>
                    <descriptor>${basedir}/src/main/assemblies/assembly_${talend.job.name}_${talend.job.version}.xml</descriptor>
                  </descriptors>
                  <tarLongFileMode>gnu</tarLongFileMode>
                  <appendAssemblyId>false</appendAssemblyId>
                  <finalName>${talend.job.finalName}</finalName>
                </configuration>
              </execution>
            </executions>
          </plugin>
        </plugins>
      </build>
    </profile>
    <profile>
      <id>default-settings</id>
      <activation>
        <activeByDefault>true</activeByDefault>
      </activation>
      <properties>
        <talend.libraries.excludes.set>*:*</talend.libraries.excludes.set>
        <talend.jobs.excludes.set>*:*</talend.jobs.excludes.set>
      </properties>
    </profile>
    <profile>
      <id>include-java-sources</id>
      <activation>
        <activeByDefault>true</activeByDefault>
      </activation>
      <properties>
        <resources.dir>${current.resources.dir}/</resources.dir>
        <sourcecodes.dir>${project.build.sourceDirectory}</sourcecodes.dir>
      </properties>
    </profile>
    <profile>
      <id>include-maven-resources</id>
      <activation>
        <activeByDefault>true</activeByDefault>
      </activation>
      <properties>
        <templates.dir>${basedir}/src/main/templates/</templates.dir>
        <poms.dir>${basedir}</poms.dir>
        <assemblies.dir>${basedir}/src/main/assemblies/</assemblies.dir>
      </properties>
    </profile>
    <profile>
      <id>include-items</id>
      <activation>
        <activeByDefault>true</activeByDefault>
      </activation>
      <properties>
        <items.dir>${basedir}/src/main/items/${project.build.finalName}</items.dir>
      </properties>
    </profile>
    <profile>
      <id>include-libs</id>
      <activation>
        <activeByDefault>true</activeByDefault>
      </activation>
      <properties>
        <talend.libraries.excludes.set>${talend.libraries.includes.set}</talend.libraries.excludes.set>
        <talend.jobs.excludes.set>${project.groupId}:*</talend.jobs.excludes.set>
        <talend.libraries.includes.set>org.talend.libraries:*</talend.libraries.includes.set>
        <current.job.binaries.include>${project.groupId}:${project.artifactId}:${project.version}</current.job.binaries.include>
      </properties>
    </profile>
    <profile>
      <id>include-binaries</id>
      <activation>
        <activeByDefault>true</activeByDefault>
      </activation>
      <properties>
        <jobs.binaries.includes.set>${project.groupId}:*</jobs.binaries.includes.set>
        <routines.binaries.includes.set>org.talend.code.${talend.project.name.lowercase}:*</routines.binaries.includes.set>
      </properties>
    </profile>
    <profile>
      <id>include-xmlMappings</id>
      <activation>
        <activeByDefault>true</activeByDefault>
      </activation>
      <properties>
        <xmlMappings.resources.dir>${current.resources.dir}/xmlMappings/</xmlMappings.resources.dir>
      </properties>
    </profile>
    <profile>
      <id>include-running-xmlMappings</id>
      <activation>
        <activeByDefault>true</activeByDefault>
      </activation>
      <properties>
        <xmlMappings.running.dir>${current.resources.dir}/xmlMappings/</xmlMappings.running.dir>
      </properties>
    </profile>
    <profile>
      <id>include-rules</id>
      <properties>
        <rules.resources.dir>${current.resources.dir}/rules/</rules.resources.dir>
      </properties>
    </profile>
    <profile>
      <id>include-log4j</id>
      <activation>
        <activeByDefault>true</activeByDefault>
      </activation>
      <properties>
        <log4j.resources.dir>${current.resources.dir}/</log4j.resources.dir>
      </properties>
    </profile>
    <profile>
      <id>include-running-log4j</id>
      <properties>
        <log4j.running.dir>${current.resources.dir}/</log4j.running.dir>
      </properties>
    </profile>
    <profile>
      <id>include-contexts</id>
      <activation>
        <activeByDefault>true</activeByDefault>
      </activation>
      <properties>
        <contexts.running.dir>${current.resources.dir}/</contexts.running.dir>
      </properties>
    </profile>
    <profile>
      <id>include-test-sources</id>
      <properties>
        <test.resources.dir>${basedir}/src/test/resources/</test.resources.dir>
        <test.sourcecodes.dir>${project.build.testSourceDirectory}</test.sourcecodes.dir>
      </properties>
    </profile>
    <profile>
      <id>include-test-reports</id>
      <properties>
        <test.reports.dir>${project.build.directory}/surefire-reports</test.reports.dir>
      </properties>
    </profile>
    <profile>
      <id>include-pigudfs-java-sources</id>
      <properties>
        <pigudfs.poms.dir>${basedir}</pigudfs.poms.dir>
        <pigudfs.sourcecodes.dir>${project.build.sourceDirectory}</pigudfs.sourcecodes.dir>
      </properties>
    </profile>
    <profile>
      <id>include-pigudfs-binaries</id>
      <properties>
        <pigudfs.binaries.includes.set>org.talend.pigudf.${talend.project.name.lowercase}:*</pigudfs.binaries.includes.set>
      </properties>
    </profile>
  </profiles>
</project>